id,calling_code,capital_city,code_2,code_3,continent_id,currency_id,drapeau,nom
ad,376,Andorra la Vella,ad,and,eu,eur,ｦｩ,Andorre
ae,971,Abu Dhabi,ae,are,as,aed,ｦｪ,ﾃ盈irats Arabes Unis
af,93,Kaboul,af,afg,as,afn,ｦｫ,Afghanistan
ag,1268,St. John's,ag,atg,na,xcd,ｦｬ,Antigua-et-Barbuda
ai,1264,The Valley,ai,aia,na,xcd,ｦｮ,Anguilla
al,355,Tirana,al,alb,eu,all,ｦｱ,Albanie
am,374,Erevan,am,arm,as,amd,ｦｲ,Armﾃｩnie
ao,244,Luanda,ao,ago,af,aoa,ｦｴ,Angola
aq,672,,aq,ata,an,,ｦｶ,Antarctique
ar,54,Buenos Aires,ar,arg,sa,ars,ｦｷ,Argentine
as,1684,Pago Pago,as,asm,oc,usd,ｦｸ,Samoa amﾃｩricaines
at,43,Vienne,at,aut,eu,eur,ｦｹ,Autriche
au,61,Canberra,au,aus,oc,aud,ｦｺ,Australie
aw,297,Oranjestad,aw,abw,na,awg,ｦｼ,Aruba
ax,358,Mariehamn,ax,ala,eu,eur,ｦｽ,ﾃ四es ﾃland
az,994,Bakou,az,aze,as,azn,ｦｿ,Azerbaﾃｯdjan
ba,387,Sarajevo,ba,bih,eu,bam,ｧｦ,Bosnie-Herzﾃｩgovine
bb,1246,Bridgetown,bb,brb,na,bbd,ｧｧ,Barbade
bd,880,Dacca,bd,bgd,as,bdt,ｧｩ,Bangladesh
be,32,Bruxelles,be,bel,eu,eur,ｧｪ,Belgique
bf,226,Ouagadougou,bf,bfa,af,xof,ｧｫ,Burkina Faso
bg,359,Sofia,bg,bgr,eu,bgn,ｧｬ,Bulgarie
bh,973,Manama,bh,bhr,as,bhd,ｧｭ,Bahreﾃｯn
bi,257,Bujumbura,bi,bdi,af,bif,ｧｮ,Burundi
bj,229,Porto-Novo,bj,ben,af,xof,ｧｯ,Bﾃｩnin
bl,590,Gustavia,bl,blm,na,eur,ｧｱ,Saint Barthﾃｩlemy
bm,1441,Hamilton,bm,bmu,na,bmd,ｧｲ,Bermudes
bn,673,Bandar Seri Begawan,bn,brn,as,bnd,ｧｳ,Brunei
bo,591,Sucre,bo,bol,sa,bob,ｧｴ,Bolivie
bq,599,,bq,bes,na,usd,ｧｶ,"Bonaire, Saint Eustache et Saba"
br,55,Brasilia,br,soutien-gorge,sa,brl,ｧｷ,Brﾃｩsil
bs,1242,Nassau,bs,bhs,na,bsd,ｧｸ,Bahamas
bt,975,Thimphu,bt,btn,as,btn,ｧｹ,Bhoutan
bv,55,,bv,bvt,an,nok,ｧｻ,Ile Bouvet
bw,267,Gaborone,bw,bwa,af,bwp,ｧｼ,Botswana
par,375,Minsk,par,blr,eu,byr,ｧｾ,Biﾃｩlorussie
bz,501,Belmopan,bz,blz,na,bzd,ｧｿ,Belize
ca,1,Ottawa,ca,can,na,cad,ｨｦ,Canada
cc,61,West Island,cc,cck,as,aud,ｨｨ,ﾃ四es Cocos
cd,243,Kinshasa,cd,cod,af,cdf,ｨｩ,Rﾃｩpublique dﾃｩmocratique du Congo
cf,236,Bangui,cf,caf,af,xaf,ｨｫ,Rﾃｩpublique centrafricaine
cg,242,Brazzaville,cg,cog,af,xaf,ｨｬ,Rﾃｩpublique du Congo
ch,41,Berne,ch,che,eu,chf,ｨｭ,Suisse
ci,225,Yamoussoukro,ci,civ,af,xof,ｨｮ,Cﾃｴte d'Ivoire
ck,682,Avarua,ck,cok,oc,nzd,ｨｰ,ﾃ四es Cook
cl,56,Santiago,cl,chl,sa,clp,ｨｱ,Chili
cm,237,Yaoundﾃｩ,cm,cmr,af,xaf,ｨｲ,Cameroun
cn,86,Pﾃｩkin,cn,chn,as,cny,ｨｳ,Chine
co,57,Bogota,co,col,sa,cop,ｨｴ,Colombie
cr,506,San Jose,cr,cri,na,crc,ｨｷ,Costa Rica
cu,53,La Havane,cu,cub,na,tasse,ｨｺ,Cuba
cv,238,Praia,cv,cpv,af,cve,ｨｻ,Cap-Vert
cw,599, Willemstad,cw,cuw,na,ang,ｨｼ,Curaﾃｧao
cx,61,Flying Fish Cove,cx,cxr,as,aud,ｨｽ,Christmas Island
cy,357,Nicosie,cy,cyp,eu,eur,ｨｾ,Chypre
cz,420,Prague,cz,cze,eu,czk,ｨｿ,Rﾃｩpublique tchﾃｨque
de,49,Berlin,de,deu,eu,eur,ｩｪ,Allemagne
dj,253,Djibouti,dj,dji,af,djf,ｩｯ,Djibouti
dk,45,Copenhague,dk,dnk,eu,dkk,ｩｰ,Danemark
dm,1767,Roseau,dm,dma,na,xcd,ｩｲ,Dominique
do,1809,Saint-Domingue,do,dom,na,dop,ｩｴ,Rﾃｩpublique dominicaine
dz,213,Alger,dz,dza,af,dzd,ｩｿ,Algﾃｩrie
ec,593,Quito,ec,ecu,sa,usd,ｪｨ,ﾃ衛uateur
ee,372,Tallinn,ee,est,eu,eur,ｪｪ,Estonie
par exemple,20,Le Caire,par exemple,egy,af,egp,ｪｬ,Egypte
eh,212,El-Aaiun,eh,esh,af,mad,ｪｭ,Sahara occidental
euh,291,Asmara,euh,eri,af,ern,ｪｷ,ﾃ詠ythrﾃｩe
es,34,Madrid,es,esp,eu,eur,ｪｸ,Espagne
et,251,Addis Abeba,et,eth,af,etb,ｪｹ,Ethiopie
fi,358,Helsinki,fi,fin,eu,eur,ｫｮ,Finlande
fj,679,Suva,fj,fji,oc,fjd,ｫｯ,Fidji
fk,500,Stanley,fk,flk,sa,fkp,ｫｰ,ﾃ四es Falkland
fm,691,Palikir,fm,fsm,oc,usd,ｫｲ,Micronﾃｩsie
fo,298,Torshavn,fo,fro,eu,dkk,ｫｴ,ﾃ四es Fﾃｩroﾃｩ
fr,33,Paris,fr,fra,eu,eur,ｫｷ,France
ga,241,Libreville,ga,gab,af,xaf,ｬｦ,Gabon
gb,44,Londres,gb,gbr,eu,gbp,ｬｧ,Royaume-Uni
Dieu, 1473, St. George's,gd,grd,na,xcd,ｬｩ,Grenade
ge,995,Tbilissi,ge,geo,as,gel,ｬｪ,Gﾃｩorgie
gf,594,Cayenne,gf,guf,sa,eur,ｬｫ,Guyane Franﾃｧaise
gg,44,Saint-Pierre-Port,gg,ggy,eu,gbp,ｬｬ,Guernesey
gh,233,Accra,gh,gha,af,ghs,ｬｭ,Ghana
gi,350,Gibraltar,gi,gib,eu,gip,ｬｮ,Gibraltar
gl,299,Nuuk,gl,grl,na,dkk,ｬｱ,Groenland
gm,220,Banjul,gm,gmb,af,gmd,ｬｲ,Gambie
gn,224,Conakry,gn,gin,af,gnf,ｬｳ,Guinﾃｩe
gp,590,Basse-Terre,gp,glp,na,eur,ｬｵ,Guadeloupe
gq,240,Malabo,gq,gnq,af,xaf,ｬｶ,Guinﾃｩe ﾃｩquatoriale
gr,30,Athﾃｨnes,gr,grc,eu,eur,ｬｷ,Grﾃｨce
gs,500,Grytviken,gs,sgs,an,gbp,ｬｸ,Gﾃｩorgie du Sud et ﾃｮles Sandwich du Sud
gt,502,Guatemala City,gt,gtm,na,gtq,ｬｹ,Guatemala
gu, 1671, Hagatna, gu, gomme, oc, usd, ｬｺ, Guam
gw,245,Bissau,gw,gnb,af,xof,ｬｼ,Guinﾃｩe-Bissau
gy,592,Georgetown,gy,guy,sa,gyd,ｬｾ,Guyane
hk,852,Hong Kong,hk,hkg,as,hkd,ｭｰ,Hong Kong
hm,672,,hm,hmd,oc,,ｦｺ,ﾃ四e Heard et ﾃ四es McDonald
hn,504,Tegucigalpa,hn,hnd,na,hnl,ｭｳ,Honduras
hr,385,Zagreb,hr,hrv,eu,hrk,ｭｷ,Croatie
ht,509,Port-au-Prince,ht,hti,na,htg,ｭｹ,Haﾃｯti
hu,36,Budapest,hu,hun,eu,huf,ｭｺ,Hongrie
id,62,Jakarta,id,idn,as,idr,ｮｩ,Indonﾃｩsie
c'est-ﾃ-dire, 353, Dublin, c'est-ﾃ-dire, irl, eu, eur, ｮｪ, Irlande
il,972,Jﾃｩrusalem,il,isr,as,ils,ｮｱ,Israﾃｫl
im,44,"Douglas, ﾃ四e de Man",im,imn,eu,gbp,ｮｲ,ﾃ四e de Man
in,91,New Delhi,in,ind,as,inr,ｮｳ,Inde
io,246,Diego Garcia,io,iot,as,usd,ｮｴ,Territoire britannique de l'ocﾃｩan Indien
iq,964,Bagdad,iq,irq,as,iqd,ｮｶ,Irak
ir,98,T